OSM_ID;BUILDING;A_STRT;A_SBRB;A_HSNMBR;B_LEVELS;NAME
92033642;yes;улица Тази Гиззата;;26 к1;;
91856617;yes;;;;;
220006804;yes;Большая Красная улица;;51 к1;;
157683931;yes;;;;;
99038795;yes;улица Пушкина;;13/50;4;
104528792;apartments;Катановский переулок;;2А;;
173332941;yes;улица Гоголя;;4;2;
157683897;yes;улица Парижской Коммуны;;18 к1;;
143058762;yes;улица Баумана;;48;3;Большой драматический театр имени В. И. Качалова
111719060;yes;улица Тельмана;;26;;
83087730;university;Кремлёвская улица;;35;17;2-й корпус КФУ
104277482;yes;улица Бутлерова;;31;;
500009585;yes;;;;;
121535856;yes;улица Островского;;8/1;4;
104528785;apartments;Катановский переулок;;2;;
90178091;yes;улица Чернышевского;;5;;
83087733;yes;Кремлёвская улица;;35 к1;4;Научная библиотека им. Н. И. Лобачевского КФУ
225814375;yes;улица Нариманова;;14;3;
115079089;yes;улица Карла Маркса;;49А;2;
97554004;yes;улица Пушкина;;4;2;
191025379;apartments;улица Ульянова-Ленина;;19;;
243016969;yes;;;;;
157683923;yes;улица Михаила Худякова;;7 лит9;;
241601222;yes;улица Миславского;;13;2;
91856601;yes;;;;;
173332932;college;улица Гоголя;;2;2;
107060369;yes;;;;;
90251801;yes;;;;2;
111719079;yes;улица Тельмана;;24;;
90178075;yes;улица Миславского;;8/1;2;
90155408;yes;улица Рустема Яхина;;4Б;;
104536098;kindergarten;улица Ульянова-Ленина;;27;;ДОУ №189
91856625;yes;улица Лобачевского;;6;2;
90251761;yes;Большая Красная улица;;3;5;
231904977;yes;улица Тельмана;;17;;
362047239;yes;;;;;
105336438;apartments;Университетская улица;;12;4;
362047241;yes;;;;;
104424243;yes;улица Карла Маркса;;56/11;2;
157683906;yes;улица Михаила Худякова;;3;3;
454313149;yes;;;;;
378370848;residential;улица Лобачевского;;6;;
91856467;residential;улица Лобачевского;;8;;
143058761;yes;улица Кави Наджми;;3/9;;
104528777;yes;улица Бутлерова;;30;;Дом ученых
105155999;yes;улица Чернышевского;;2;3;
99038792;yes;улица Пушкина;;11;3;
115079093;yes;улица Карла Маркса;;49/13;2;
240803569;yes;Право-Булачная улица;;39/2;6;
91856584;yes;Университетская улица;;13;2;
119437959;yes;Московская улица;;64;2;
91641075;yes;Московская улица;;3;;Пирамида
111719097;yes;улица Касаткина;;25;;
90178071;yes;улица Баумана;;11;;
98534754;detached;Федосеевская улица;;31;;
158263521;yes;;;;;
301911375;yes;;;;;
111719073;yes;улица Касаткина;;31;;
104280736;yes;улица Маяковского;;26;;
90178080;yes;улица Карла Маркса;;9/15;2;
90178069;yes;улица Дзержинского;;6;3;
91856523;yes;;;;;
98534767;detached;;;;;
129285213;yes;;;;;
444741608;yes;;;;;
91856473;yes;Большая Красная улица;;23;;Управление ФСБ по РТ
104281618;yes;улица Щапова;;37;3;Театр Акт
105301849;yes;улица Николая Столбова;;1;;
251752738;school;улица Миславского;;8А/1;3;Академический лицей
98534763;detached;;;;;
91856466;yes;улица Карла Маркса;;32;;
111719053;yes;улица Касаткина;;11;;
378555515;construction;;;;;
233610520;yes;;;;1;
362047228;yes;;;;;
444741609;yes;;;;;Сувениры
81560113;yes;улица Рустема Яхина;;4;3;Московский
-1327402;university;Кремлёвская улица;;4/5;2;Институт геологии и нефтегазовых технологий КФУ
104280737;yes;улица Щапова;;18А;;
90178032;yes;улица Баумана;;13;;
98534711;detached;улица Набережная Казанки;;3;;
104280739;yes;улица Маяковского;;24;;
231904976;yes;улица Тельмана;;15;;
444741610;yes;;;;;
104424232;yes;улица Горького;;19/8;6;
111719078;yes;улица Касаткина;;19;2;
313340475;yes;улица Островского;;47;1;ХороShow
158178408;yes;;;;;
106312175;yes;;;;3;
362047233;yes;;;;;
89917026;yes;улица Карла Маркса;;29/14;2;
104528790;yes;улица Бутлерова;;30А;4;
97553999;yes;;;;2;
81560002;apartments;улица Гаяза Исхаки;;1;5;
104281617;yes;улица Щапова;;18;4;
130828016;yes;Большая Красная улица;;14/17;4;
81559980;yes;улица Бурхана Шахиди;;2/43;4;
105336374;yes;Профсоюзная улица;;23/12;2;
115079095;yes;Большая Красная улица;;53;2;
344547471;yes;;;;2;
92033651;yes;улица Чернышевского;;36/14;3;
104229355;school;улица Волкова;;3;3;
194903069;yes;;;;2;
220006794;yes;;;;;
111719061;yes;улица Тельмана;;18;;
313937145;yes;;;;1;
104277477;yes;улица Маяковского;;19;2;
240896545;yes;;;;;
90155348;yes;;;;;
143056751;yes;улица Островского;;10;3;
91856502;yes;улица Дзержинского;;27;4;
90251758;yes;;;;1;
106312164;yes;Лево-Булачная улица;;46;3;
115079109;yes;улица Гоголя;;15;4;
227222885;yes;улица Лобачевского;;10;;
253055367;yes;;;;;
444741611;yes;;;;;
281788820;yes;улица Мусы Джалиля;;14А;;
158178406;yes;;;;;
89916745;yes;Большая Красная улица;;34/16;;Баня №3
119437976;yes;Московская улица;;66А;;
157683911;yes;;;;;
182148883;yes;;;;;
104528795;apartments;Катановский переулок;;11;;
115079088;yes;улица Гоголя;;25А;5;
444741612;yes;;;;;
90178068;yes;улица Мусы Джалиля;;;;
97554008;yes;;;;;
416784474;yes;;;;;
105336425;commercial;Университетская улица;;14;3;
444741613;yes;;;;;
90178099;yes;улица Дзержинского;;1/8 лит3;2;
449595823;yes;улица Дзержинского;;3;2;
115079107;yes;улица Гоголя;;21;;
157683898;yes;;;;;
91856595;yes;улица Лобачевского;;10В;5;
94695638;apartments;Катановский переулок;;9;;
158263519;yes;улица Саммера;;6;;
104528794;yes;Катановский переулок;;4;;
173332929;yes;улица Гоголя;;10;;
115079084;yes;улица Гоголя;;27А;;
449595824;yes;;;;1;
92033632;yes;улица Чернышевского;;43А;;
362047227;yes;;;;;
361285696;yes;;;;4;
330888927;yes;Ямская улица;;3;;
-3974312;yes;Большая Красная улица;;3 к1;;Надвратная церковь в честь святых мучениц Веры, Надежды, Любови и матери их Софии
450643412;yes;;;;;
119437989;yes;улица Парижской Коммуны;;14;;
105336389;yes;Университетская улица;;14А;;
191025382;apartments;улица Ульянова-Ленина;;23;;
105301835;yes;улица Галиаскара Камала;;1/48;2;
106312151;yes;улица Галиаскара Камала;;2;3;
111719071;yes;улица Касаткина;;24;;
115079108;yes;улица Гоголя;;21А;4;
91856626;university;улица Карла Маркса;;10;3;КНИТУ-КАИ им. А. Н. Туполева, 1 здание
104277478;yes;;;;;
87007646;university;Кремлёвская улица;;37;3;
104277487;yes;улица Бутлерова;;35;5;
90178098;church;улица Мусы Джалиля;;21;2;Петропавловский собор
91856651;residential;;;;3;
362047240;yes;;;;;
97553998;yes;улица Островского;;51;1;
450643429;yes;;;;2;
309215865;yes;;;;;
305285612;yes;улица Касаткина;;20А;;
157683908;yes;;;;;
281847550;yes;;;;7;
111719077;yes;улица Касаткина;;17;2;
378326125;yes;;;;1;
90155341;yes;;;;;
105155494;yes;Кремлёвская улица;;11;;
173581614;yes;улица Гоголя;;19;3;
105336402;hotel;Университетская улица;;16;;Хаял
104424218;yes;улица Карла Маркса;;58;5;
90178019;yes;Профсоюзная улица;;10;;
104280734;yes;улица Маяковского;;24А;;
194234840;yes;улица Щапова;;20;2;музей Баки Урманче
98534712;detached;Федосеевская улица;;35;;
163851046;yes;улица Горького;;19;;
378326116;yes;улица Дзержинского;;29;5;
273244398;house;улица Баумана;;15;;
91641069;yes;Московская улица;;5;5;
111719087;yes;улица Касаткина;;15А;6;
98534775;detached;;;;;
186036842;yes;;;;2;
330336351;yes;улица Тази Гиззата;;23 к1;;
157683918;yes;;;;;
98534724;detached;улица Набережная Казанки;;1;;
173325472;yes;улица Карла Маркса;;51/14;1;
89917028;yes;;;;2;
324744805;yes;;;;;
108249756;yes;улица Парижской Коммуны;;19;;
143058889;yes;улица Кави Наджми;;5;;
91856492;yes;;;;;
92033662;yes;улица Нариманова;;13А;;
191859809;yes;улица Ульянова-Ленина;;16;;
356634503;yes;;;;;
272520434;yes;улица Парижской Коммуны;;12;;
105336381;yes;Профсоюзная улица;;25;3;
233640864;yes;улица Касаткина;;11;11;
105301858;yes;Лево-Булачная улица;;48;2;
91856548;yes;;;;;
97554001;yes;;;;4;
104528788;apartments;улица Маяковского;;5;;
105155493;yes;улица Дзержинского;;8;3;
252951799;yes;улица Карла Маркса;;;2;
323476759;yes;Московская улица;;66;;
115079100;yes;улица Гоголя;;23А;3;
115079086;yes;улица Гоголя;;25;3;
483702186;cathedral;;;;;Собор Казанской иконы Божией Матери
356634502;yes;;;;;Котельная
431878440;yes;;;;;
323945647;yes;;;;;
143056761;yes;Право-Булачная улица;;41;2;
367624972;yes;;;;;
90178023;yes;улица Дзержинского;;3А;2;
111719094;yes;улица Касаткина;;22;;
143057303;yes;улица Островского;;11;2;
91856637;yes;Большая Красная улица;;23;4;
277633806;yes;;;;;
98534750;detached;;;;;
234307935;retail;Ямская улица;;6;;Рынок Ямская
104277489;yes;улица Маяковского;;17;;
259799289;supermarket;Петербургская улица;;1;5;Кольцо
104280740;yes;улица Щапова;;20А;2;
330888926;yes;улица Тази Гиззата;;23;;
90251751;yes;;;;;
115079103;yes;улица Гоголя;;27;3;
273244400;house;улица Баумана;;17;;
191859810;yes;улица Ульянова-Ленина;;20;;
252951804;yes;;;;;
92033625;yes;улица Нариманова;;13;;Хлебо-бараночный комбинат
428303354;yes;;;;;
251709128;yes;улица Ульянова-Ленина;;41;;
115079117;yes;улица Гоголя;;16;4;
105151284;yes;Профсоюзная улица;;5;;
428303374;yes;;;;;
-2108478;yes;Московская улица;;70;;
-3974311;yes;Большая Красная улица;;5;;Крестовоздвиженский собор
91856471;yes;;;;1;
157683913;yes;;;;;
105336372;yes;;;;;
75616907;university;улица Карла Маркса;;31;5;КНИТУ-КАИ им. А. Н. Туполева, 5 здание
104280738;yes;улица Бутлерова;;34/13;2;
223118102;yes;улица Карла Маркса;;36;3;
90251709;yes;Федосеевская улица;;40;;
252951808;yes;;;;;
91856537;yes;;;;;
89534269;yes;;;;2;ПС Новокремлевская
111719102;yes;улица Касаткина;;15;3;
97554009;yes;улица Островского;;53;4;
195679870;detached;улица Щепкина;;3;;
105155488;yes;Кремлёвская улица;;13;;
158178391;yes;улица Тази Гиззата;;29А;;
361285697;yes;;;;;
173581615;yes;улица Гоголя;;29;;
90251812;yes;;;;3;
252951803;yes;улица Миславского;;14;2;
180852553;yes;улица Щапова;;20;8;
233640863;yes;;;;;
256433302;yes;улица Татарстан;;18;9;
157683920;yes;;;;2;
105336416;yes;улица Пушкина;;15;4;
143058764;yes;улица Баумана;;50;;
412751398;yes;;;;;
105336420;yes;Университетская улица;;20;;
220006809;yes;улица Тельмана;;5;;
143056765;hotel;Право-Булачная улица;;43/1;6;Ibis Казань
143057304;yes;улица Кави Наджми;;8;;
220006805;yes;улица Дзержинского;;5;6;
415785567;yes;;;;;
157683894;yes;Московская улица;;72;2;
92033641;yes;;;;;
105301873;yes;Московская улица;;55;5;
169196640;yes;Большая Красная улица;;36А;5;
421303577;yes;Профсоюзная улица;;12;;
98534737;detached;Федосеевская улица;;39;;
158178394;yes;Ямская улица;;11;;
105301865;yes;;;;;
-1936653;yes;улица Баумана;;52;;
371347921;detached;улица Набережная Казанки;;1А;;
224607482;yes;улица Рустема Яхина;;2Б;;
-1494230;school;улица Рахматуллина;;2/18;;Лицей им. Н.И. Лобачевского
252951809;yes;улица Карла Маркса;;11/12;2;
90251805;yes;;;;;
378326098;yes;;;;1;
98534778;detached;улица Набережная Казанки;;1;;
91856588;yes;Театральная улица;;1/27;3;
143057311;yes;улица Кави Наджми;;8А;;
91641022;yes;;;;;
105336360;yes;улица Пушкина;;17;4;
90178090;yes;Профсоюзная улица;;11;;
421303578;yes;Профсоюзная улица;;14;;
378326099;yes;;;;1;
143058176;yes;улица Кави Наджми;;8 к1;;
157683932;yes;улица Парижской Коммуны;;10;2;
111719066;yes;улица Касаткина;;20;;
385963748;yes;улица Баумана;;19;4;Ногай
428303337;yes;;;;;
252951798;yes;Большая Красная улица;;16;3;
390829214;commercial;улица Островского;;55;4;
224607476;yes;Московская улица;;11;3;
91856474;yes;;;;;
387599328;construction;;;;3;
91856552;yes;;;;;
108249746;yes;улица Парижской Коммуны;;17;;
105155489;yes;улица Дзержинского;;10;4;
360451686;yes;улица Бурхана Шахиди;;7;2;
90155414;yes;улица Рустема Яхина;;3;;
105336427;yes;Университетская улица;;22;;
428303391;yes;;;;;
421303579;yes;Профсоюзная улица;;16;;
186429139;yes;улица Кави Наджми;;10;;
90155413;yes;Московская улица;;2А;;
252951801;yes;;;;;
91856520;hotel;Театральная улица;;3;5;
-7044181;yes;;;;;
105336445;yes;;;;;
415785570;yes;;;;;
223118104;yes;Театральная улица;;5;4;
87008789;yes;улица Профессора Нужина;;2;3;Уникс
105336419;yes;улица Пушкина;;19;;ТЦ Призма
105151248;yes;Профсоюзная улица;;7;;
223118103;yes;улица Карла Маркса;;38;3;
479025591;yes;;;;;
241929086;yes;;;;5;
90251732;yes;;;;;
143056764;yes;Астрономическая улица;;3/16;5;
252951797;yes;улица Карла Маркса;;13;2;
91641091;yes;;;;;
361285698;yes;улица Островского;;12;2;
367665408;yes;;;;;
105301868;yes;;;;;
91856557;yes;Большая Красная улица;;29;;
479025593;yes;;;;;Восточный корпус пушечного двора
305285613;yes;;;;;
287272166;yes;Профсоюзная улица;;16А;;
402643402;yes;улица Пушкина;;21А;;
252951802;yes;;;;;
91856479;yes;;;;;
91856641;yes;Большая Красная улица;;18;4;Общежитие №2 КНИТУ-КАИ
229212860;yes;;;;;
241601238;yes;;;;;
273251483;yes;улица Островского;;57А;3;
105301863;yes;Лево-Булачная улица;;52 к7;;
105301855;yes;улица Николая Столбова;;2;;
91856525;yes;;;;;
92033648;yes;улица Нариманова;;15;;Шушма
401331125;construction;улица Дзержинского;;7;;
90155357;yes;Московская улица;;13;3;
108249754;yes;улица Парижской Коммуны;;15;;
90161998;yes;проезд Шейнкмана;;;2;Северный корпус пушечного двора
227222925;commercial;улица Пушкина;;21;;
321416173;yes;;;;;
90251741;yes;;;;;
252951806;yes;;;;;
295851861;yes;Федосеевская улица;;38;;
61111622;castle_tower;;;;4;Безымянная башня
97554010;yes;Петербургская улица;;12;3;Министерство по делам молодежи и спорту
143056755;yes;улица Островского;;14;2;
91856477;yes;Театральная улица;;13А;;
158178407;yes;улица Мартына Межлаука;;28;;
105301860;yes;;;;;
81560120;yes;улица Бурхана Шахиди;;9А;2;
61111625;castle_tower;;;;2;Тайницкая башня
273251479;yes;улица Островского;;57В;3;
143057306;yes;улица Островского;;15;2;
90251821;yes;Большая Красная улица;;5А;2;
105151243;yes;улица Рахматуллина;;4;;
227222886;commercial;;;;;
90251804;yes;Нагорная улица;;6А;;
133487367;yes;Право-Булачная улица;;45;4;
105336357;commercial;улица Пушкина;;23;;
182148882;commercial;;;;;
378370861;yes;;;;;
105155491;yes;Кремлёвская улица;;15/25;;
224607477;yes;Московская улица;;13А;3;
105301867;yes;;;;;
92033660;yes;;;;;
104230734;yes;Кремлёвская улица;;6/20;;
135906487;yes;улица Пушкина;;29А;3;Колизей
90162067;yes;;;;;
91856545;yes;улица Карла Маркса;;15;2;
92033655;yes;улица Нариманова;;15А;;
272547489;yes;улица Бурхана Шахиди;;9В;;
479025594;yes;;;;;
233640862;yes;улица Касаткина;;11А;10;
143058173;yes;улица Баумана;;54;;
90161987;yes;;;;;Южный корпус пушечного двора
105336442;commercial;улица Пушкина;;25;;
240476451;yes;улица Нариманова;;15 к1;;
90178048;yes;;;;;
105301841;yes;Лево-Булачная улица;;50;;
105301838;yes;Лево-Булачная улица;;50;3;
217674977;yes;;;;2;
90155396;school;Лево-Булачная улица;;14А;4;
236736828;yes;;;;;
89918690;yes;Большая Красная улица;;29А;5;
91856566;yes;Большая Красная улица;;18А;;
321416172;yes;;;;;
273251481;yes;улица Островского;;57Б;3;
131390384;yes;улица Тази Гиззата;;19;;Милена
182148887;yes;улица Пушкина;;29В;;Лапшон
75658002;yes;площадь Свободы;;2;7;Театр оперы и балета им. М. Джалиля
322508780;yes;;;;;
360451772;yes;улица Гаяза Исхаки;;8;5;
90161959;yes;;;;;
299866594;yes;;;;;
105155490;yes;улица Дзержинского;;12/25;;
108249744;mosque;Московская улица;;74;3;Мечеть Нурулла
401328394;yes;улица Дзержинского;;9/1;5;
90251725;yes;Федосеевская улица;;3;;
158178405;yes;улица Мартына Межлаука;;28А;;
182148881;commercial;улица Пушкина;;29 литА;2;
105151249;yes;Профсоюзная улица;;9;;
92033646;yes;улица Тази Гиззата;;18;;
194903272;yes;улица Островского;;16/3;2;
479025582;yes;;;;;
105336364;commercial;улица Пушкина;;8;9;
143058175;yes;улица Баумана;;56;;
90251707;yes;Нагорная улица;;6;2;
90155412;yes;Московская улица;;15;3;
105301851;yes;улица Парижской Коммуны;;8;2;
104230530;yes;улица Рахматуллина;;1;;
240476452;yes;улица Нариманова;;15Б;;
105336349;yes;улица Пушкина;;10;3;
77216515;yes;улица Пушкина;;31;3;
225812758;yes;улица Чернышевского;;39;5;
105301852;yes;Лево-Булачная улица;;50А;;
77216509;yes;улица Пушкина;;31А;1;
273251477;yes;улица Островского;;57Г;3;
105336400;roof;;;;2;
225812749;yes;;;;;
91856612;yes;улица Дзержинского;;9;;
283579744;yes;улица Бурхана Шахиди;;9В;;
108249750;apartments;улица Татарстан;;16;5;
90251770;dormitory;улица Япеева;;9;4;Общежитие №1 КНИТУ-КАИ
105336430;commercial;улица Пушкина;;12;4;
81560027;yes;улица Бурхана Шахиди;;9;1;
98644302;yes;;;;;
90178054;yes;улица Рахматуллина;;6/9;;
90161988;yes;проезд Шейнкмана;;14;2;Главный корпус пушечного двора
90251754;yes;Федосеевская улица;;42;;
105301875;yes;улица Парижской Коммуны;;13;2;
81560086;yes;улица Тази Гиззата;;15;;
90155372;yes;улица Чернышевского;;30Б;;
-1553746;yes;Астрономическая улица;;5/19;;
224607479;yes;Московская улица;;17;3;
105336343;commercial;улица Пушкина;;14;3;
90251749;yes;Нагорная улица;;29;5;
220383031;yes;улица Островского;;61;;
143058174;yes;улица Баумана;;58;3;
133487370;yes;Право-Булачная улица;;47;;
89918691;yes;Театральная улица;;13;;
90251796;yes;улица Япеева;;9Б;3;
90155380;yes;Лево-Булачная улица;;16;;
105301870;yes;Лево-Булачная улица;;52;;
105301845;yes;;;;2;
400925474;yes;улица Пушкина;;16;3;
96259267;hotel;Петербургская улица;;1;5;
330332829;yes;улица Островского;;20;2;
220006800;yes;;;;;
224607478;yes;Московская улица;;15А;;
90251786;yes;;;;1;
176439870;residential;улица Островского;;59;6;
360664185;yes;улица Островского;;18;2;
91856472;church;улица Япеева;;5;2;Надвратная церковь
97554006;yes;Петербургская улица;;14;4;
90155370;yes;улица Чернышевского;;30;;
105336432;yes;;;;;
104225066;yes;улица Пушкина;;18;3;Третейский суд при Торгово-промышленной палате Республики Татарстан
105301848;yes;Московская улица;;57А;2;
119437956;yes;Профсоюзная улица;;20/14;;
158175984;yes;улица Мартына Межлаука;;37;;
119437963;yes;улица Баумана;;21;;
86982233;yes;улица Ташаяк;;;;Крытый футбольно-легкоатлетический манеж
227222927;commercial;улица Пушкина;;20;;
91856623;yes;Кремлёвская улица;;17;5;Александровский пассаж
103455115;yes;улица Пушкина;;38;3;
334801914;yes;улица Чернышевского;;28А;;
225814379;yes;;;;;
81560019;yes;Московская улица;;21;5;
240476470;yes;;;;;
113954867;yes;улица Пушкина;;22;;Промсвязьбанк
158175981;yes;улица Мартына Межлаука;;35;;
225814383;yes;улица Бурхана Шахиди;;11;2;
271051857;yes;улица Николая Столбова;;7;;
113954868;yes;улица Пушкина;;24;3;
104231618;yes;улица Рахматуллина;;3;;
90155386;yes;улица Чернышевского;;35/1;;
230132591;mosque;Кремль;;13;;Кул-Шариф
105336446;commercial;улица Пушкина;;8А;4;
90251713;school;улица Япеева;;11;2;Школа №39
-2509289;yes;улица Баумана;;23;;
182148886;yes;улица Пушкина;;28;;
334801913;yes;улица Чернышевского;;22;;
111719090;yes;улица Пушкина;;37;;
478262823;roof;проезд Шейнкмана;;;;Стеклянная крыша над мавзолеем ханов
274204998;yes;улица Бурхана Шахиди;;26;;
417013728;yes;;;;;
105301839;yes;улица Николая Столбова;;11;;
103455149;yes;улица Пушкина;;30;;
105301854;yes;улица Татарстан;;14/59;5;
-6303303;yes;проезд Шейнкмана;;12;3;Юнкерское училище
105301862;yes;улица Татарстан;;14/59;;
119437961;yes;;;;;
90161960;yes;;;1А;;Музей истории государственности Татарстана
105336393;yes;;;;;
360664710;yes;Астрономическая улица;;6/18;1;
91645235;yes;улица Пушкина;;86;5;НКЦ
81560073;yes;улица Гаяза Исхаки;;13;;
90155344;yes;улица Чернышевского;;35;;
158175979;yes;улица Нариманова;;40Б;;
91856571;yes;площадь Свободы;;1;9;Госсовет РТ
91641029;yes;;;;;
91641079;yes;;;;2;
81560075;yes;улица Мартына Межлаука;;20А;;
228963085;yes;;;17;1;Башня Сююмбике
143057860;yes;улица Баумана;;58А;2;
81560041;yes;Лево-Булачная улица;;20;;
119437958;yes;;;;;
240476454;yes;улица Нариманова;;36;;
183461626;yes;;;;1;
186429140;yes;Астрономическая улица;;7;3;
105336355;yes;улица Щапова;;1;;Кроличья нора
105301861;yes;;;;8;
428303390;yes;;;;;
398643149;yes;улица Нариманова;;25;1;
91856469;yes;;;;3;
105301830;yes;улица Парижской Коммуны;;6;;
321420898;yes;;;;;
280851129;yes;;;;2;
90251746;yes;;;;3;
91641090;yes;Московская улица;;22А;;
92033663;yes;улица Мартына Межлаука;;22;;
367667773;yes;;;;;
103455143;yes;улица Пушкина;;40;;
103455142;yes;;;;;
225814378;yes;улица Тази Гиззата;;16/8;;
227222901;yes;улица Пушкина;;46;5;Пьер
99325983;yes;Астрономическая улица;;8/21;4;
103455150;yes;улица Пушкина;;34А;4;
280125650;yes;;;;1;
259799287;hotel;Петербургская улица;;11;5;
90178092;yes;улица Рахматуллина;;8;;
91856522;yes;улица Дзержинского;;11А;;
105301866;yes;;;;;
90155385;yes;улица Чернышевского;;33;;
402642591;yes;улица Пушкина;;;2;
104231620;yes;Кремлёвская улица;;8;;
103455145;yes;улица Пушкина;;42;;
103455109;yes;улица Пушкина;;44;;
111719052;yes;площадь Свободы;;1;9;
428303338;yes;;;;;
81559982;retail;улица Мартына Межлаука;;26;;Нереида
103455140;yes;улица Пушкина;;52;3;
91856542;yes;Кремлёвская улица;;19;;
105336348;yes;Профессорский переулок;;10А;;
90155351;yes;улица Гаяза Исхаки;;15;;
91856501;yes;улица Япеева;;2;;
90161979;yes;;;;;
90251803;yes;;;;;
103806842;yes;;;;2;
90162019;yes;Кремль;;1;;Президентский дворец
99325995;yes;Астрономическая улица;;8;2;
283930420;yes;;;;1;
91856558;yes;улица Карла Маркса;;12;2;
330049311;yes;улица Бурхана Шахиди;;7;;
260686305;yes;улица Саид-Галеева;;1А к1;;Шиномонтаж
105301844;yes;Лево-Булачная улица;;56;6;
103806851;yes;улица Пушкина;;54;3;
322508779;yes;;;;;
104639166;yes;улица Островского;;67;;
105336405;commercial;улица Некрасова;;7;;
402637563;yes;улица Галактионова;;;;
90251703;yes;улица Япеева;;9А;3;
90155407;kindergarten;Московская улица;;28А;;ДОУ №188
225814385;yes;улица Тази Гиззата;;16;;
90251726;yes;улица Япеева;;19;;
119437986;yes;Профсоюзная улица;;22;;
225812750;yes;;;;;
103806841;yes;улица Пушкина;;56;2;
105301857;yes;улица Парижской Коммуны;;4/11;;
61111619;castle_tower;;;;2;Преображенская башня
103806796;yes;;;;2;
158175983;yes;улица Нариманова;;40;;
104639152;yes;улица Островского;;65;;
186448870;yes;улица Баумана;;25;2;
91856490;yes;улица Карла Маркса;;17;2;
143057861;yes;улица Баумана;;60;2;
133487381;yes;;;;;
90162068;yes;проезд Шейнкмана;;;;
321420897;yes;улица Парижской Коммуны;;9;;
81560128;apartments;переулок Кирова;;5;;
330055889;yes;Право-Булачная улица;;47А;;
182148885;yes;улица Пушкина;;26;;
417003099;yes;;;;;
259988409;cathedral;;;2;3;Благовещенский собор
90251767;yes;Федосеевская улица;;46;;Храм св. Евдокии
322627064;apartments;улица Щапова;;4;;
401327242;yes;улица Дзержинского;;14;4;
103455146;yes;улица Галактионова;;6;;
104225074;yes;улица Щапова;;7;;
382232845;yes;улица Островского;;20;;
105336351;apartments;Профессорский переулок;;4;;
119437974;university;Профсоюзная улица;;13/16;;Институт социальных и гуманитарных знаний
103806821;yes;улица Пушкина;;56А;2;
103455136;yes;;;;;
428310021;yes;;;;2;
338932959;yes;Московская улица;;24;;
104225071;yes;улица Щапова;;5;;
91645183;yes;;;;;Хоррият
225814384;yes;;;;;
106363367;yes;Право-Булачная улица;;5;3;
479025596;yes;;;;;
103806871;yes;улица Пушкина;;58;4;
90251780;residential;улица Япеева;;13А;4;
274204999;yes;улица Бурхана Шахиди;;24;;
81560100;yes;Московская улица;;23;;
227222916;yes;улица Пушкина;;48;;
-6201661;yes;улица Баумана;;62;"2;3";
402637784;yes;улица Галактионова;;;;
90162066;yes;;;;;Экскурсионный отдел
90178085;yes;улица Рахматуллина;;8/11;;
91856585;yes;Большая Красная улица;;20;2;
90251818;yes;;;;;
104231616;yes;улица Рахматуллина;;5/13;;
99325926;yes;улица Островского;;23;3;
143566104;yes;улица Япеева;;13;2;
467596115;yes;Кремлёвская улица;;17;;
387598050;yes;;;;1;
91641030;yes;;;;;
330055892;yes;Право-Булачная улица;;47Б;;
91856468;yes;Кремлёвская улица;;21;;
103806863;yes;улица Карла Маркса;;40А;2;
275157332;yes;Астрономическая улица;;21;4;
99288835;university;улица Бутлерова;;4;3;Казанский государственный финансово-экономический институт
91856488;yes;;;;;
225814377;yes;;;;;
79073538;yes;Петербургская улица;;9;3;Детский мир
180351373;school;улица Кави Наджми;;18;;СОлНЦе
103455113;yes;улица Галактионова;;3Б;;
143566386;yes;улица Япеева;;8/9;3;
401196013;yes;улица Япеева;;;2;
133487376;yes;;;;;
81560053;yes;переулок Кирова;;4;;
91641052;yes;улица Ташаяк;;4;;
401196204;yes;улица Япеева;;;;
401196065;yes;улица Япеева;;;;
275157329;yes;Астрономическая улица;;10;2;
359226340;yes;;;;;
186117390;apartments;Профессорский переулок;;7;;
103806847;yes;;;;;
103455154;yes;улица Галактионова;;3А;;
89917228;yes;улица Карла Маркса;;33;2;Казанская Ратуша
91856648;yes;;;;;
81559986;yes;улица Габдуллы Тукая;;2/3;;
90155388;yes;;;;;
133487377;yes;Право-Булачная улица;;49;;Luciano Residence Kazan
99684048;university;улица Татарстан;;2;4;Институт филологии и межкультурной коммуникации КФУ
186448871;yes;улица Баумана;;27;;
-2509291;yes;улица Баумана;;27;;
227222904;apartments;улица Некрасова;;9;8;
91856475;yes;улица Карла Маркса;;12А;2;
103455155;dormitory;улица Пушкина;;32А;;Общежитие №8 КФУ
227222900;yes;;;;;PepperMint
143566122;yes;улица Япеева;;8/2;4;
119437966;synagogue;Профсоюзная улица;;15;;Хабад Любавич
133487380;yes;улица Островского;;22;;
103806788;yes;;;;2;
90155395;yes;Право-Булачная улица;;7;;
119437967;yes;улица Кави Наджми;;20;;
322508777;yes;;;;;
-1345512;yes;улица Бурхана Шахиди;;17;;
92033626;yes;улица Бурхана Шахиди;;17;;
99325956;yes;улица Островского;;25;;
90161962;church;;;;2;Церковь Николы Ратного
103455118;dormitory;улица Пушкина;;32;;Общежитие №9 КФУ
103806858;yes;;;;;
119437972;yes;;;;;
91856518;apartments;улица Карла Маркса;;16А;;
227222907;yes;улица Горького;;4;;
428310041;yes;;;;;
143566103;yes;улица Япеева;;10;5;
91856633;yes;Большая Красная улица;;22;2;
89917229;yes;улица Пушкина;;64;2;БКЗ им. Сайдашева
99325892;yes;;;;2;
90178021;shed;;;;;
105301833;yes;улица Татарстан;;;2;
104225072;yes;улица Щапова;;9;;
99325869;yes;улица Островского;;23/1;;
99325901;yes;;;;;
81560036;yes;переулок Кирова;;4А;;
90155365;yes;Московская улица;;26;;
-6303322;yes;;;;1;Манеж
401327284;yes;улица Дзержинского;;;;
321421475;yes;улица Габдуллы Тукая;;2;;
99288838;university;;;;;
103806818;yes;улица Горького;;3А;2;
133487373;yes;;;;;
186448872;yes;улица Баумана;;29;2;
104231617;yes;Кремлёвская улица;;10/15;;
106363361;yes;улица Баумана;;20;3;Академия Наук Республики Татарстан
275865324;yes;Профсоюзная улица;;26;;
-6657370;yes;Спартаковская улица;;1;;
90155364;yes;Право-Булачная улица;;9;;
172280394;civic;Спартаковская улица;;1;4;Баскет-холл
103455125;yes;улица Галактионова;;6;;
119437987;yes;;;;;
220006810;yes;Большая Красная улица;;9А;5;
104639167;yes;Петербургская улица;;30;5;
90251808;yes;;;;;
224607483;apartments;переулок Кирова;;3;;
-6303320;yes;проезд Шейнкмана;;5;2;Здание присутственных мест
240476471;yes;улица Нариманова;;44;;Мебельный базар
119437962;yes;;;;;
99325993;yes;;;;;
143566376;yes;;;;1;
322840410;yes;;;;;
89918478;yes;улица Пушкина;;66;4;
105336411;apartments;Профессорский переулок;;5;10;
92033638;yes;улица Тази Гиззата;;7;;
104225076;yes;улица Щапова;;6;;
91856610;yes;улица Карла Маркса;;14;3;
334211904;garages;;;;;
90178097;shed;;;;;
103806813;yes;;;;;
220006806;yes;;;;5;
81560009;yes;улица Габдуллы Тукая;;2/2;;
143566106;yes;улица Япеева;;14;3;
99325974;yes;улица Баумана;;64;2;
104639151;yes;Петербургская улица;;26;3;
119437953;yes;;;;;
103806884;yes;улица Карла Маркса;;40Б;2;
338441393;yes;Московская улица;;26Б;3;
104639165;yes;улица Островского;;69/3;3;
99325980;construction;улица Островского;;27;;
415785176;yes;;;;2;
119437988;yes;Профсоюзная улица;;17;;
411587141;yes;улица Татарстан;;8;2;
103455129;yes;улица Галактионова;;6;;
99325957;yes;улица Баумана;;68;3;
103455131;yes;улица Галактионова;;3;;
61111621;castle_tower;;;;2;Юго-западная башня
103455147;yes;улица Горького;;4А;;
81633615;yes;улица Татарстан;;1;6;ТГАТ им. Г. Камала
91856646;yes;улица Карла Маркса;;17 к1;;
417541819;yes;;;;;
361246073;yes;улица Татарстан;;;3;
91641049;apartments;улица Ташаяк;;1;6;
103806853;yes;улица Горького;;3;4;
91856462;yes;улица Дзержинского;;16;5;
90155361;yes;улица Тази Гиззата;;10 к1;;
240476453;yes;улица Нариманова;;31;;
99288829;yes;;;;;
103806795;yes;улица Горького;;3А;;
338441394;yes;Московская улица;;28;;
227222911;yes;улица Щапова;;13А;;
119437978;yes;;;;;
91641071;yes;улица Саид-Галеева;;1;6;Волга
415785175;yes;;;;;
91856550;yes;;;;;
103806830;yes;улица Карла Маркса;;42А;3;
92033629;yes;улица Галиаскара Камала;;28;;
119437984;yes;Профсоюзная улица;;17В;;
91856483;yes;Кремлёвская улица;;23/17;;
104225073;yes;улица Щапова;;11;;
339334955;yes;улица Дзержинского;;13;;
103806839;yes;улица Карла Маркса;;42;;
424102908;yes;;;;;
162174616;yes;улица Пушкина;;70;;
119437990;yes;Кремлёвская улица;;12/20;;
224607480;yes;Московская улица;;25;;
105336437;apartments;Профессорский переулок;;3;10;
99325987;yes;улица Баумана;;66;3;
99288847;yes;улица Бутлерова;;4;4;
500696383;yes;;;;;
361285699;yes;;;;;
111719058;yes;улица Япеева;;18;2;
479025568;yes;;;;;
91641036;yes;;;;;
104639168;yes;Петербургская улица;;28;3;Сбербанк
162174617;yes;улица Пушкина;;72/2;;
236736826;yes;;;;;
90162016;yes;;;;2;Братский корпус
274206196;yes;Профсоюзная улица;;28;;
103455122;yes;улица Горького;;6А;;
182149285;yes;улица Горького;;6А к1;;
106363745;yes;Право-Булачная улица;;13;;
225812753;yes;Московская улица;;42 к4;;
415785173;yes;;;;;
104225070;yes;улица Щапова;;8/9;3;
91856616;yes;улица Карла Маркса;;16;2;
103455106;yes;улица Галактионова;;5А;;
91856506;yes;;;;;
133487364;yes;;;;;
99325943;yes;;;;;
81560071;yes;улица Чернышевского;;29;;
361285700;yes;;;;;
281800909;yes;Профсоюзная улица;;30;;
415785177;yes;;;;;
81560024;yes;улица Галиаскара Камала;;24А;;
119437979;yes;Кремлёвская улица;;12;;
106363362;yes;улица Баумана;;22;3;
103806850;yes;;;;;
415785174;yes;;;;;
115151864;yes;улица Баумана;;31/12;3;
119437980;yes;Профсоюзная улица;;19;;
90251719;yes;Федосеевская улица;;50;;
162174621;yes;улица Пушкина;;78;;
236736829;yes;;;;;
99288852;yes;;;;3;Библиотека КГФЭИ
81560004;yes;улица Габдуллы Тукая;;2/1;;
90161970;yes;;;3;2;Архиерейский дом
130108290;yes;Большая Красная улица;;11;2;
133487375;yes;Право-Булачная улица;;51/1;;Комбинат Здоровье
103806820;yes;;;;;
89918308;yes;Большая Красная улица;;38;3;КГК им. Жиганова
179959817;yes;;;;;ТП-2129
91856562;yes;Большая Красная улица;;22А;4;
294457679;yes;;;;;
92033649;yes;улица Бурхана Шахиди;;;;
61111620;castle_tower;;;;2;Воскресенская башня
303497285;yes;улица Галактионова;;12;;
94696833;yes;улица Бутлерова;;7;;Дом шахмат
231904980;yes;улица Зои Космодемьянской;;3;;
103455139;yes;;;;;
89918480;yes;улица Пушкина;;68;;
275165982;yes;улица Галиаскара Камала;;41А;;
249189189;garage;;;;;
194887955;yes;улица Островского;;26;;Spa-hotel Luciano
417541812;yes;;;;;
104639161;yes;Петербургская улица;;21;2;
99325913;yes;улица Островского;;31;;Бон Ами бутик отель
90155373;yes;улица Гаяза Исхаки;;10;;
241601239;yes;;;;;
220006790;kindergarten;улица Бехтерева;;4А;;
104173251;yes;улица Щапова;;13;3;
90155349;yes;Московская улица;;27;4;
281800911;yes;Астрономическая улица;;13;2;
104639154;yes;Петербургская улица;;32/13;5;
270852329;yes;Лево-Булачная улица;;24/1;;
90155402;yes;;;;;
103806832;yes;улица Карла Маркса;;35;2;
103806854;yes;улица Карла Маркса;;44;4;
236736824;yes;;;;;
143566284;yes;улица Зои Космодемьянской;;1;;
367667771;yes;;;;;
104277488;yes;улица Некрасова;;11;;
229212863;yes;Профсоюзная улица;;32;4;
81559977;yes;улица Чернышевского;;27А;;
182146548;yes;;;;;
83606157;yes;;;;2;
92033643;yes;Московская улица;;36;;
473849152;yes;улица Карла Маркса;;18;2;
225812747;yes;;;;;
104635635;temple;улица Островского;;73;3;"Приход ""Воздвижения Святого Креста"""
81560105;yes;Лево-Булачная улица;;24/20;;
236736827;yes;;;;;
103455107;yes;улица Галактионова;;5;;
479025581;yes;;;;;
226380464;yes;улица Баумана;;33;1;
81560082;yes;улица Габдуллы Тукая;;2;;Муравейник
91856481;yes;улица Дзержинского;;18;5;
103806810;yes;улица Горького;;3Б;;
90251728;detached;улица Набережная Казанки;;27А;;
429586740;yes;улица Мартына Межлаука;;16/21;;
119437982;yes;;;;;
428303389;yes;;;;;
240476455;yes;улица Нариманова;;39;;
86982319;apartments;улица Коротченко;;2;5;
91856582;yes;;;;;
417541806;yes;;;;;
104173252;yes;Кочетов переулок;;1;2;МУП Водоканал
104173256;yes;;;;;ТП-25
99325920;yes;улица Баумана;;70;2;
385952822;yes;улица Некрасова;;;2;
111719092;yes;улица Япеева;;16;;
227222928;yes;улица Щапова;;15;5;
103806824;yes;улица Горького;;3В;;
103455117;yes;улица Горького;;6;3;
162174618;yes;улица Пушкина;;78А;6;
233401969;yes;Московская улица;;34/8;;
415785178;yes;;;;3;
115151859;yes;улица Баумана;;35;2;
428303339;yes;;;;;
104639158;yes;Петербургская улица;;25;2;
105155483;yes;Кремлёвская улица;;25/22;;
130106024;yes;Малая Красная улица;;11;;
106363366;yes;улица Баумана;;24;;
91641028;yes;;;;;
90240415;yes;;;;;
106363744;yes;Право-Булачная улица;;17;;
103806812;yes;улица Карла Маркса;;35 к1;;
90155350;yes;улица Баумана;;1;2;Иоанно-предтеченский мужской монастырь
428303401;yes;;;;;
227222905;yes;улица Галактионова;;24;;Городской дворец детского творчества им А Алиша
90240418;yes;;;;;
182149284;yes;улица Галактионова;;7;2;
90155378;yes;улица Тази Гиззата;;6/31;4;
91856461;yes;улица Дзержинского;;17;;
-6303305;yes;;;;;
428303393;yes;;;;;
-6303321;castle_tower;;;;4;Консисторская башня
104173233;yes;улица Щапова;;17;4;
157658382;yes;Право-Булачная улица;;53/2;2;
-1953489;yes;улица Ташаяк;;2А;;Центральный стадион
479025576;yes;;;;;
97089570;yes;Малая Красная улица;;3;;
90155397;yes;;;;;
119437973;yes;;;;;
99325887;yes;улица Баумана;;70А;2;
91641109;yes;;;;;
90251733;detached;Федосеевская улица;;11;;
103455138;yes;улица Галактионова;;14;;
81560125;yes;улица Мартына Межлаука;;13;2;Центральный (Колхозный) рынок
91641043;yes;;;;;
119437983;yes;Астрономическая улица;;15;;
106363365;yes;улица Баумана;;26;;
104635636;yes;улица Островского;;79;4;
252700657;yes;улица Карла Маркса;;20;;
91856497;yes;Большая Красная улица;;24;;
104635634;yes;Петербургская улица;;36/14;4;
220006801;yes;Малая Красная улица;;1;2;
500696382;yes;;;;;
99325908;yes;улица Островского;;33;;
81560103;yes;улица Нариманова;;45;;
91856551;yes;;;;;
91641094;yes;Право-Булачная улица;;19;;Капитал
242934326;yes;Петербургская улица;;19;5;
104277484;yes;улица Некрасова;;11Б;;
429586741;yes;улица Бурхана Шахиди;;;;
92033653;yes;Московская улица;;42 к3;;
479025580;yes;;;;;
106363743;yes;улица Баумана;;30;;
399299311;yes;Петербургская улица;;;;
-6303304;yes;;;;;
103455126;yes;улица Горького;;8;3;Дом Кекина
81560114;yes;Лево-Булачная улица;;30;;
90251795;yes;Федосеевская улица;;52;;
91641068;yes;улица Саид-Галеева;;3;5;
91856605;yes;улица Карла Маркса;;19;2;
81560064;yes;улица Чернышевского;;27;;
99325896;yes;улица Баумана;;72;2;
323945644;yes;улица Кави Наджми;;22А;;
103806799;yes;улица Карла Маркса;;44А;;
90251811;detached;;;;;
162174619;yes;;;;;
287235630;yes;улица Мартына Межлаука;;13Б;1;
99325886;yes;улица Островского;;35;;
162174620;yes;Малая Красная улица;;13;5;
143566318;yes;улица Зои Космодемьянской;;5;;
157658380;yes;;;;;
225814382;yes;;;;;
229871753;castle_tower;;;8;1;Спасская башня
104173254;yes;улица Щапова;;19;2;
133487379;yes;;;;;
119437960;yes;Астрономическая улица;;17;;
91641035;yes;;;;;
224607484;apartments;улица Коротченко;;4;6;
115151875;yes;улица Баумана;;37;3;Национальный банк Республики Татарстан
119437965;yes;Кремлёвская улица;;14;;Прокуратура Республики Татарстан
103806806;yes;улица Карла Маркса;;46А;;
287235629;yes;улица Мартына Межлаука;;13А;;
92033659;yes;Московская улица;;42 к1;;
91856493;yes;улица Карла Маркса;;22;;
-6302961;hospital;улица Батурина;;7;;Городской онкологический диспансер
252697262;yes;Малая Красная улица;;7;;
220006799;yes;Большая Красная улица;;13;;
83606156;university;Кремлёвская улица;;16А;14;Институт физики КФУ
220006795;yes;улица Бехтерева;;4;;
417003065;yes;;;;;
424069412;yes;;;;;
295465795;yes;;;;1;
90251712;detached;Федосеевская улица;;15;;
182656219;yes;;;;;
90162012;castle_tower;;;;;
133487383;yes;улица Островского;;32;;
322626802;yes;Федосеевская улица;;1;;
380389113;apartments;улица Чернышевского;;25;;
103806846;yes;улица Карла Маркса;;46;3;
91641033;yes;;;;;
322626801;yes;;;;;
103455132;yes;улица Щапова;;23;5;
103806814;yes;улица Карла Маркса;;37;2;
91856602;yes;;;;;
104277486;yes;улица Некрасова;;15А;5;
402639918;yes;улица Галактионова;;16А;2;
90155359;church;улица Баумана;;1 к2;;
90155355;yes;;;;;
81511581;university;улица Пушкина;;1/55;6;Институт международных отношений, истории и востоковедения
113961898;yes;улица Щапова;;21;;
324744800;yes;;;;;
91856521;yes;улица Карла Маркса;;22 к1;;
91641105;yes;;;;;
91856534;yes;улица Карла Маркса;;22 к2;;
106363829;yes;Право-Булачная улица;;21;;
387327013;yes;Профсоюзная улица;;34;1;
415785180;yes;;;;;
119437970;yes;Кремлёвская улица;;16;;
92033652;yes;Московская улица;;38;;
226380466;yes;улица Баумана;;74;2;
103806826;yes;улица Горького;;7;;
105155492;yes;Кремлёвская улица;;27;;
236736830;yes;улица Островского;;35А;;
270842382;yes;улица Галактионова;;16;;
157658377;yes;Университетская улица;;2;;
104277485;yes;улица Некрасова;;13;;Бумеранг
119437981;yes;Кремлёвская улица;;16А;;
380389404;apartments;Лево-Булачная улица;;26;;
104636666;yes;улица Островского;;83;2;
417013706;yes;;;;;
272516863;yes;улица Мартына Межлаука;;15/1;2;
231904987;yes;;;;;
90155410;yes;Лево-Булачная улица;;32;2;
103806790;yes;;;;;
206345742;yes;Московская улица;;35;5;Оазис
220006807;yes;Большая Красная улица;;37;2;
92033647;yes;Московская улица;;40;;
91641025;yes;улица Баумана;;3;;
103806785;yes;улица Горького;;7;;
92033627;yes;Московская улица;;44;;
103455114;yes;улица Галактионова;;18;;
91641089;yes;;;;;
220006796;yes;;;;;
225814380;yes;улица Габдуллы Тукая;;3;;
103806838;yes;улица Карла Маркса;;39А;;
271759355;yes;Лево-Булачная улица;;28;;
90251791;detached;Федосеевская улица;;15;;
104636665;church;улица Островского;;81;;Церковь Казанской иконы Божией Матери (старообрядческая)
91641118;yes;Московская улица;;1;3;Дворец спорта
99325934;church;улица Баумана;;78 к1;2;Собор Богоявления Господня
104636672;yes;Петербургская улица;;40А;4;
415785179;yes;;;;;
90155352;yes;Лево-Булачная улица;;34;3;
90251729;detached;;;;;
111719057;yes;Нагорная улица;;14Б;;
99325870;yes;улица Островского;;37/5;5;
479025569;yes;;;;;
99325868;yes;улица Баумана;;76;5;
242934327;yes;Петербургская улица;;25В;4;
157658383;yes;Университетская улица;;4/34;5;
220006815;yes;Малая Красная улица;;6;;
115151881;yes;;;;;
231904985;yes;улица Бехтерева;;9;;
106363828;yes;улица Чернышевского;;18/23;;Татсоцбанк
231904981;yes;улица Бехтерева;;6;;
220006798;yes;Малая Красная улица;;8;;
104225067;yes;улица Щапова;;25;5;
103806879;yes;;;;;
103806829;yes;улица Жуковского;;9;;
387327345;yes;Профсоюзная улица;;36;2;
104636667;commercial;улица Островского;;85А;4;
449272053;yes;улица Тази Гиззата;;3;5;
241601226;yes;Московская улица;;37Б;3;
220006802;yes;Малая Красная улица;;8А;;
91641098;yes;улица Чернышевского;;16;;
104277479;yes;улица Некрасова;;24;3;
220006786;yes;Большая Красная улица;;15;;
92033639;yes;Московская улица;;42А;;
241781951;yes;Малая Красная улица;;10;;
225812752;yes;;;;5;
90251790;detached;улица Набережная Казанки;;23;;
427979048;yes;Кремль;;;4;
104636669;yes;Петербургская улица;;40;3;
104277481;yes;улица Некрасова;;15;2;
91856529;yes;улица Карла Фукса;;3А;;
90251777;yes;Федосеевская улица;;54;;
91641093;yes;;;;;
94697031;dormitory;улица Бутлерова;;6;;Общежитие №7 КФУ
91856591;yes;улица Карла Маркса;;21;4;
103806837;yes;;;;;
322626997;yes;;;;;
172293709;yes;Большая Красная улица;;39;;
105155485;yes;улица Кави Наджми;;24;3;
103806786;yes;улица Карла Маркса;;48 к1;;
479025579;yes;проезд Шейнкмана;;7;;Гаупвахта
220006787;yes;Малая Красная улица;;12А;;
241601225;yes;Московская улица;;37;3;
360475538;yes;улица Тази Гиззата;;4;3;
91856568;yes;;;;;
91641024;yes;;;;;
348532108;yes;улица Пушкина;;1/55 лит4;;
231904986;yes;Большая Красная улица;;13А;;
91641026;yes;улица Баумана;;5;;Никольский кафедральный собор
103806866;yes;Большая Красная улица;;42;;
-3974317;yes;улица Горького;;10А;;
111719080;yes;улица Зои Космодемьянской;;15;;
81560076;yes;улица Саид-Галеева;;4;1;Макдоналдс
287212200;yes;улица Габдуллы Тукая;;5 к1;;
103806859;yes;улица Горького;;9;2;
91641121;yes;улица Баумана;;32;;
91856512;yes;Кремлёвская улица;;18 к5;2;Кафедра астрономии и космической геодезии
103806804;yes;улица Карла Маркса;;39;;
97089415;yes;Малая Красная улица;;14;9;
91641088;yes;;;;;
115151865;yes;Профсоюзная улица;;38;;
206345966;yes;улица Тази Гиззата;;3А;4;
303497287;yes;;;;3;
157658378;yes;улица Пушкина;;1/55А;4;
90155389;yes;Кремлёвская улица;;2;2;
281847549;yes;Профсоюзная улица;;1;1;
99325905;yes;Университетская улица;;5/37;2;
90155379;yes;улица Чернышевского;;23;;
103806828;yes;улица Жуковского;;3;1;
103806860;yes;улица Жуковского;;5;;
271748702;yes;улица Габдуллы Тукая;;5;;
103806791;yes;улица Жуковского;;7;;
158174316;yes;улица Габдуллы Тукая;;16А;;
241782038;yes;Малая Красная улица;;12;;
261102949;house;улица Карла Фукса;;11/6;2;
91641076;yes;улица Ташаяк;;2 к1;;
225814376;yes;улица Габдуллы Тукая;;7;;
103806835;yes;улица Карла Маркса;;48;;
115151868;yes;улица Баумана;;41;3;
91641130;yes;;;;;
104636677;yes;Петербургская улица;;40Б;3;
449276520;yes;;;;;
104173250;yes;улица Щапова;;10;4;
98534791;detached;Федосеевская улица;;19;;
90155404;yes;улица Тази Гиззата;;1;1;
99325898;yes;улица Баумана;;80;4;
91641111;yes;улица Баумана;;34;;
96258016;yes;Кремлёвская набережная;;1;;FERZ
91856640;yes;Кремлёвская улица;;18 к3;;
104637018;yes;Петербургская улица;;37;4;
90251699;detached;Федосеевская улица;;17;;
91641017;yes;;;;;
115079098;yes;Большая Красная улица;;41;;
133264866;mosque;улица Габдуллы Тукая;;14;;Султановская мечеть
118437574;hospital;улица Бутлерова;;14;;Республиканская офтальмологическая больница
115151879;yes;Профсоюзная улица;;40;;
104636664;yes;Петербургская улица;;42;3;
91856597;yes;улица Дзержинского;;19/2;;
104277475;yes;улица Некрасова;;26;4;
98534730;detached;улица Набережная Казанки;;17;;
229212862;yes;;;;2;
83073570;university;Кремлёвская улица;;29/1;4;Институт химии КФУ
438740419;yes;;;;;
97089418;yes;улица Адамюка;;4;4;
252697264;yes;Большая Красная улица;;41;3;
428303388;yes;;;;;
104225075;yes;улица Щапова;;27;5;
91856618;yes;Кремлёвская улица;;27А;;
91641100;yes;;;;;
90155382;yes;Право-Булачная улица;;27;;
90155346;kindergarten;Лево-Булачная улица;;38А;2;
428303340;yes;;;;;
229212858;yes;улица Баумана;;36;;
92036231;yes;;;;;
61111623;castle_tower;;;;4;Юго-восточная башня
194903731;yes;;;;;
103455130;yes;улица Горького;;11;5;
158174302;yes;;;;;
288873991;yes;Московская улица;;44 к1;;
90155393;yes;улица Тази Гиззата;;1В;4;
81560013;yes;улица Саид-Галеева;;5;;
91641124;yes;;;;2;
99325935;yes;улица Баумана;;78 к2;;Колокольня Богоявленского собора
158174320;yes;;;;;
115151872;yes;Профсоюзная улица;;42;3;
231904975;yes;улица Зои Космодемьянской;;10;;
90155356;yes;Московская улица;;39;;Храм новомучеников и исповедников Российских
81560054;yes;улица Саид-Галеева;;6;6;Сервисный центр
91641117;yes;Профсоюзная улица;;2;;
111719076;yes;улица Зои Космодемьянской;;17;;
103806878;yes;;;;;
-6638381;yes;улица Некрасова;;19;6;
427608605;yes;улица Карла Фукса;;2А;;
222787140;yes;улица Чернышевского;;19;;
103806802;yes;улица Жуковского;;13;;
183484491;yes;Московская улица;;48;4;
253055355;yes;Привокзальная площадь;;6;;
103806873;yes;улица Жуковского;;15;;
81511569;yes;улица Пушкина;;3;5;
103455152;yes;улица Горького;;10;2;
115079118;yes;улица Жуковского;;23А;;
91856559;yes;Кремлёвская улица;;25А;;
99038785;yes;Университетская улица;;6/39;4;
90155363;yes;Московская улица;;39 к2;;Храм в честь равноапостольных Жён-Мироносиц
220006797;yes;Большая Красная улица;;15/9;2;
428310390;yes;;;;;
226380465;yes;улица Баумана;;43;3;
90155376;yes;Право-Булачная улица;;29;;
253055361;yes;;;;;
107065297;college;улица Жуковского;;4;;Казанский музыкальный колледж
91856533;apartments;улица Карла Фукса;;4;;
225812757;yes;Московская улица;;41;4;
323945642;yes;;;;;
225814381;yes;улица Галиаскара Камала;;18;;
90155339;hotel;Лево-Булачная улица;;36/1;;Булак
273248624;yes;Кремлёвская улица;;1;3;
415762144;yes;улица Тази Гиззата;;1Б;3;
104536107;apartments;улица Бутлерова;;21А;;
103806793;yes;улица Жуковского;;17;2;
119437964;yes;улица Габдуллы Тукая;;9;;
417013696;yes;;;;;
323945646;yes;улица Жуковского;;6;;
115079082;yes;улица Жуковского;;21;;
157658285;yes;улица Габдуллы Тукая;;30;;
104638470;yes;;;;2;
391387988;apartments;улица Карла Маркса;;24;;
271086819;yes;улица Чернышевского;;21;;
107060363;yes;улица Карла Маркса;;50/8;3;
91641101;yes;улица Баумана;;7/10;;
115079083;yes;улица Жуковского;;23;;
91856464;yes;Кремлёвская улица;;18 к4;;
91856632;yes;улица Дзержинского;;23/1;;
104536110;yes;улица Бутлерова;;16 к2;;
225812756;yes;;;;;
104637025;yes;Петербургская улица;;35;2;
227222906;yes;улица Некрасова;;;4;
90178035;yes;улица Батурина;;10/1;2;
98534771;detached;;;;;
260412100;yes;улица Батурина;;12;2;
90155383;yes;Московская улица;;43;3;
227222915;yes;улица Некрасова;;21;;
230415270;yes;улица Баумана;;78;1;
253055360;yes;;;;;
260412101;yes;;;;1;
92033664;yes;улица Саид-Галеева;;4;;
91856509;yes;;;;1;
98534774;detached;улица Набережная Казанки;;13;;
253055366;yes;;;;;
115079116;yes;улица Жуковского;;25;;
104536092;yes;улица Бутлерова;;14 литБ;;
438740418;yes;;;;3;
90155391;yes;улица Чернышевского;;17;;
167974679;yes;улица Щапова;;27;4;
105155486;yes;улица Дзержинского;;20;5;
291304571;yes;;;;;
115079092;yes;улица Карла Маркса;;43;4;
156240695;yes;;;;;
417013678;yes;;;;;
81560042;train_station;улица Чернышевского;;36А;2;Пригородный вокзал
115151869;yes;улица Баумана;;45;2;
281847548;yes;Профсоюзная улица;;1;1;
92033661;yes;;;;;
119437977;yes;улица Галиаскара Камала;;11;;
104536095;yes;улица Бутлерова;;16 к1;;
253055359;yes;;;;;
103455135;yes;улица Горького;;12А;2;
91856507;yes;Кремлёвская улица;;22 к1;;
158174315;yes;;;;;
91856541;yes;улица Карла Маркса;;23/6;5;
225812759;yes;;;;;
449868503;yes;;;;;
449877190;yes;;;;;
81560006;train_station;Привокзальная площадь;;1А;2;Казань-Пассажирская, Казань-1
90155375;yes;Лево-Булачная улица;;36А;3;
104536116;yes;улица Бутлерова;;21;;
91856486;yes;Кремлёвская улица;;18 к11;;
90251756;detached;Федосеевская улица;;23;;
158174313;yes;;;;;
438740421;yes;;;;;
91856494;yes;;;;;
97089413;yes;улица Жуковского;;29;4;
241601224;yes;Право-Булачная улица;;33;3;
408428038;garages;;;;;
225812762;yes;Московская улица;;52;3;
98534722;detached;улица Набережная Казанки;;15;;
90155394;yes;Московская улица;;35;;
103455133;yes;улица Горького;;13;2;
360474658;yes;Профсоюзная улица;;4;;
260412102;yes;Большая Красная улица;;4;2;
115079102;yes;улица Жуковского;;12;;
163496891;yes;;;;1;
182148884;university;Кремлёвская улица;;18;3;Казанский Федеральный Университет
90155411;yes;;;;;
408428028;yes;;;;;
104536102;yes;улица Бутлерова;;16;;Республиканская стоматологическая поликлиника
410936511;yes;Кремлёвская улица;;3;3;
115079099;yes;Большая Красная улица;;46;;
241601228;yes;Московская улица;;39 к1;;Церковь Московских Чудотворцев
253055354;yes;Привокзальная площадь;;4;;
260412099;chapel;;;;1;Всецарица
-1343972;yes;;;;;
104173240;yes;улица Щапова;;12;;
104536091;yes;улица Бутлерова;;14 литД;;
90178015;yes;улица Карла Маркса;;1 к1;1;
90240423;yes;Привокзальная площадь;;5;;
119437975;yes;улица Галиаскара Камала;;7 к1;;
90155416;yes;Кремлёвская улица;;2/6;;
92036253;yes;;;;;
281805815;yes;;;;1;
91856647;yes;Большая Красная улица;;28;1;
89534229;yes;улица Пушкина;;5;5;
106312160;yes;улица Мартына Межлаука;;3;;
239865950;yes;улица Мусы Джалиля;;1;3;
92033628;kindergarten;улица Коротченко;;6;;ДОУ №142
97089416;yes;улица Жуковского;;27;;
90251716;yes;Большая Красная улица;;1/2;1;Храм св. Мученицы Параскевы Пятницы
253693900;yes;улица Мусы Джалиля;;5;3;
86982202;yes;площадь Тысячелетия;;2;;Цирк
227222909;yes;улица Некрасова;;23;5;
91856578;yes;Кремлёвская улица;;18 кБ;;
91856555;yes;Кремлёвская улица;;18 к12;;
273248625;yes;Кремлёвская улица;;5;3;
324744801;yes;;;;;
105155487;yes;улица Дзержинского;;22;4;
360475286;yes;улица Баумана;;7/10;;
253055368;yes;;;;;
115079115;yes;;;;4;
115151858;yes;улица Баумана;;45;3;
90155345;yes;улица Мартына Межлаука;;6;;
115079085;yes;Большая Красная улица;;45;;
115151876;yes;;;;;
253055364;yes;;;;;
99038797;yes;улица Баумана;;82;4;"Торговый центр ""Свита Холл"""
194902425;yes;улица Мусы Джалиля;;3;3;
104536100;yes;улица Бутлерова;;14 к1;;
90155362;yes;улица Баумана;;40;;
242934328;yes;Щербаковский переулок;;7;26;
408428068;civic;улица Карла Маркса;;26;;
158174308;yes;улица Габдуллы Тукая;;26;;
90155398;yes;улица Баумана;;38/17;;
253223193;yes;Кремлёвская улица;;18 к2;;
104173234;yes;улица Щапова;;10А;4;
330334610;yes;Лево-Булачная улица;;38;3;
253055353;yes;улица Тази Гиззата;;28;;
115151863;yes;Профсоюзная улица;;40-42;3;"Бизнес центр ""Профсоюзный"""
103455151;yes;улица Горького;;12;2;
231904984;yes;улица Карла Фукса;;10;;
111719099;yes;улица Тельмана;;23;;
194902807;yes;Право-Булачная улица;;35;5;
305819246;yes;улица Галиаскара Камала;;7;;
167974686;yes;улица Щапова;;27;5;
91641067;yes;;;;;
111719050;yes;;;;;
90251793;yes;;;;;
115079091;yes;Большая Красная улица;;48;;
90178027;yes;;;;;
98534757;detached;Федосеевская улица;;23А;;
173581613;yes;улица Жуковского;;18А;;
90178042;yes;улица Карла Маркса;;3;3;
438740420;yes;;;;;
273248626;yes;Кремлёвская улица;;7;2;
107060367;yes;улица Карла Маркса;;52;2;
191025378;school;Катановский переулок;;1;;
225812760;yes;;;;;
360475271;yes;Профсоюзная улица;;6;;
81560078;yes;улица Саид-Галеева;;25;5;
104536087;yes;;;;;
91856485;yes;Большая Красная улица;;17;4;
227222918;yes;улица Некрасова;;29;;
90155390;yes;улица Баумана;;40;;
323476758;yes;;;;;
115151860;yes;улица Баумана;;47;3;
253055363;yes;;;;;
225812761;yes;Московская улица;;52;4;
367626590;yes;;;;;
194902808;yes;улица Островского;;2;4;
90178084;yes;;;;;
81511764;yes;улица Марселя Салимжанова;;1;6;Татэнерго
104536114;yes;улица Бутлерова;;23;;
90155399;yes;улица Чернышевского;;6/2;;
392790944;apartments;Лево-Булачная улица;;42/2;5;
90155354;yes;;;;;
172293704;yes;;;;;
90251711;yes;;;;;
104173243;yes;улица Щапова;;14/31;3;
91856575;yes;улица Дзержинского;;23;;
91856560;church;улица Карла Маркса;;26;;Церковь Святой Екатерины
105156387;yes;улица Карла Маркса;;2;;
90251806;detached;Федосеевская улица;;23А;;
227222910;yes;улица Некрасова;;27;4;
103455156;yes;улица Горького;;14;;
321421476;yes;;;;;
104638467;yes;Старая улица;;15;2;
392790945;apartments;улица Мартына Межлаука;;2/42;5;
309215891;yes;;;;;
81560021;yes;улица Нариманова;;2;3;
98534779;detached;улица Набережная Казанки;;11;;
106312174;yes;улица Мартына Межлаука;;1;4;
99038774;yes;улица Баумана;;86;4;
417539275;yes;;;;;
-5671080;yes;улица Карла Маркса;;;;
91856627;yes;;;;;Анатомический театр КГМУ
111719098;yes;улица Тельмана;;40;;
106312149;yes;;;;;
104536085;yes;улица Бутлерова;;16 к3;;
236736823;yes;Привокзальная площадь;;7;;
157683909;yes;;;;;
91856570;yes;улица Дзержинского;;23/3;;
253055352;yes;улица Тази Гиззата;;26;;
91856538;yes;улица Лобачевского;;2;;Казанский научный центр РАН
128508885;yes;Московская улица;;49;;УСК «Москва»
121535853;yes;Право-Булачная улица;;37;5;
111719100;yes;;;;;
154197885;yes;улица Карла Маркса;;6;6;
130106025;yes;улица Жуковского;;26;;
104528780;yes;улица Бутлерова;;20 к2;;
240896543;yes;улица Габдуллы Тукая;;21;;
305819245;yes;улица Галиаскара Камала;;5А;;
87009792;yes;Кремлёвская улица;;33;;
251795814;yes;;;;;
91641096;service;;;;;
91856630;yes;Большая Красная улица;;30;;
305819244;yes;улица Галиаскара Камала;;5;;
173581616;yes;Большая Красная улица;;47;2;
-5671081;yes;улица Карла Маркса;;45;;
157683929;yes;;;;;
115079106;yes;;;;;
322508776;yes;улица Баумана;;9;;
231894301;yes;улица Жуковского;;28;;
104424245;yes;;;;;
104277480;yes;улица Некрасова;;32А;;
247787105;yes;Большая Красная улица;;8;5;
103455112;yes;улица Горького;;15;2;
157683914;yes;;;;;
104536111;yes;Катановский переулок;;3;;
90178067;yes;;;;;
193251300;yes;улица Бутлерова;;25;;
104528775;yes;;;;;
115151871;yes;;;;;
322508778;yes;;;;;
130106027;yes;улица Жуковского;;30;;
231904979;yes;улица Тельмана;;29;;
81560037;yes;Московская улица;;2;2;ЦУМ
91856556;yes;улица Лобачевского;;5;;
104638468;yes;Старая улица;;15А;;
91856580;yes;улица Дзержинского;;24/3;;
90178076;yes;Профсоюзная улица;;;;
90178083;yes;улица Карла Маркса;;5;4;
90178086;yes;улица Островского;;1;5;
92033654;yes;;;;;
188331333;yes;улица Кировская Дамба;;1;2;
90155360;yes;улица Мусы Джалиля;;7;3;
241592420;yes;Привокзальная площадь;;;;
91856644;yes;;;;;
422836373;yes;;;;;
104413326;yes;улица Карла Маркса;;54Б;;
-4021578;yes;улица Маяковского;;23А;;
417000132;yes;;;;;
306736741;yes;улица Карла Маркса;;28;;
236736825;yes;Привокзальная площадь;;3;;
104528784;yes;улица Бутлерова;;20А;;
115151857;yes;улица Баумана;;;2;Медведь
90251781;yes;Большая Красная улица;;1Б;5;
90251771;yes;Федосеевская улица;;36;4;Дворец земледельцев
104413324;yes;улица Карла Маркса;;54А;4;
324744806;yes;Большая Красная улица;;50;;
115079101;school;улица Жуковского;;18;;
115079111;yes;Большая Красная улица;;47А;;
106312165;yes;;;;4;
115151877;yes;;;;;
111719055;yes;улица Карла Фукса;;12;4;
98534781;detached;улица Набережная Казанки;;7;;
157683917;yes;;;;;
99038776;yes;улица Баумана;;49;2;
106312166;yes;Московская улица;;53/6;;
98534717;detached;Федосеевская улица;;29;;
105157449;yes;улица Миславского;;9;;
104424225;yes;улица Горького;;15 к1;;
173332939;yes;улица Гоголя;;3А;5;
385953689;yes;улица Некрасова;;;2;
91856563;yes;улица Лобачевского;;13;;
104173242;yes;улица Маяковского;;29А;;
417539267;yes;;;;;
95948962;yes;улица Николаева;;5;5;
106312169;yes;улица Мартына Межлаука;;1 к1;;
498858372;yes;улица Саид-Галеева;;27;;
194885202;yes;улица Островского;;4;3;
104638469;church;улица Ульянова-Ленина;;11;;Кафедральный собор Покрова Пресвятой Богородицы
231894302;yes;улица Жуковского;;30А;;
111719093;yes;улица Тельмана;;36;;
323945654;yes;улица Некрасова;;31;5;
111719095;yes;улица Тельмана;;21;;
225812754;yes;;;;;
91856565;yes;улица Карла Маркса;;25;5;
104528779;apartments;улица Бутлерова;;20;;
419282416;yes;;;;;
167974694;yes;улица Гоголя;;1;2;
241601223;yes;Московская улица;;1В;;
253055362;yes;;;;;
417539258;yes;;;;;
129284990;garages;улица Жуковского;;24;;
90251731;detached;Федосеевская улица;;29;;
90155401;yes;Кремлёвская улица;;2А;6;
115151861;yes;Профсоюзная улица;;46;2;
106312156;yes;;;;4;
253055365;yes;;;;;
428303341;yes;;;;;
157683902;church;улица Михаила Худякова;;4;;Тихвинская церковь Божией Матери
104173248;yes;улица Маяковского;;29Б;;
428303387;yes;;;;;
115079110;yes;Большая Красная улица;;52;;
90155367;yes;улица Баумана;;42/9;;
104528799;yes;улица Бутлерова;;20 к1;;
92033657;yes;;;;;
251709127;yes;улица Бутлерова;;22;;
367846128;yes;улица Бутлерова;;;;
428303392;yes;;;;1;
378326105;yes;;;;;
115079090;yes;улица Карла Маркса;;47;;
157718418;yes;улица Островского;;38А;1;
224607485;yes;улица Рустема Яхина;;8;5;
157683896;yes;улица Габдуллы Тукая;;31;;
433786479;chapel;;;;1;
105155998;yes;Кремлёвская улица;;9;2;
115079112;yes;улица Карла Маркса;;47;2;
91856536;yes;Кремлёвская улица;;18 к13;;
173581617;yes;Большая Красная улица;;49;;
251795812;yes;Московская улица;;58/5;;Дом Карла Фукса
99038784;yes;улица Баумана;;51;3;
276218869;yes;;;;;
378326106;yes;;;;;
91856514;yes;;;;;
97554005;yes;улица Пушкина;;2;5;
91856553;yes;улица Дзержинского;;25;;
106312153;yes;Московская улица;;53;;
408428076;yes;улица Лобачевского;;9;;Дом Стахеева
99038772;yes;;;;4;
91856495;yes;Большая Красная улица;;30;3;
129284991;yes;улица Жуковского;;28А;;
111719059;yes;улица Тельмана;;32;;
81560033;yes;улица Нариманова;;1;;
96027441;school;улица Горького;;16;2;Гимназия №3
90178063;yes;улица Баумана;;44/8;3;
81560094;yes;Привокзальная площадь;;1;3;
90251745;yes;Большая Красная улица;;1;3;
157683904;yes;;;;;
111719070;yes;улица Тельмана;;42;;
500009583;yes;;;;;
157683924;yes;улица Михаила Худякова;;11;;
91856532;yes;улица Лобачевского;;9/30;;
81559992;yes;улица Рустема Яхина;;6;3;
225812755;yes;;;;;
90155377;yes;;;;;
111719056;yes;Федосеевская улица;;58;;
92036229;yes;;;;;
105155997;yes;улица Миславского;;4;2;
401191948;yes;Большая Красная улица;;10;2;
104424214;yes;улица Горького;;17А;2;
105157454;yes;улица Миславского;;11;2;
230024402;yes;Привокзальная площадь;;1Б;;
105152552;yes;Профсоюзная улица;;3/19;;
92033650;yes;улица Коротченко;;5;;
115079087;yes;улица Гоголя;;23;;
106312144;yes;;;;3;
92036233;yes;;;;;
104277474;yes;улица Бутлерова;;29;;
119437955;yes;Московская улица;;64А;;
91856629;yes;;;;4;
173332944;yes;улица Гоголя;;5;1;
225812763;yes;Московская улица;;60;2;
364073743;yes;улица Мусы Джалиля;;13;;
330049914;yes;улица Галиаскара Камала;;4А;4;
227222913;yes;;;;2;
194885200;yes;улица Островского;;6;3;
104277483;yes;;;;;
118041636;yes;улица Маяковского;;21;9;
104173235;yes;улица Маяковского;;29;;
99038787;yes;Профсоюзная улица;;48;3;
104277490;yes;улица Некрасова;;38;5;
105157462;yes;улица Карла Маркса;;8;1;
90251776;yes;Большая Красная улица;;1А;5;
251795816;yes;;;;;
92036245;yes;Московская улица;;1Б;;
104528782;yes;;;;;
220006793;yes;;;;;
106312173;yes;;;;;
118041634;yes;улица Некрасова;;35;5;
81560045;yes;улица Рустема Яхина;;13;2;
104281620;yes;улица Маяковского;;30/16;4;
427983258;yes;улица Лобачевского;;4;3;
115079094;yes;улица Карла Маркса;;47/2;;
98534746;detached;;;;;
173332936;yes;улица Гоголя;;3;;
90178096;yes;улица Чернышевского;;9;;
98534783;detached;;;;;
104528781;apartments;Катановский переулок;;7;;
119437957;yes;;;;;
500009584;yes;;;;;
111719074;yes;улица Тельмана;;13;;
104424228;yes;улица Горького;;17;4;
115079097;yes;улица Карла Маркса;;49А;2;
177268080;yes;улица Бурхана Шахиди;;1;5;
106312158;yes;;;;;
172279692;yes;;;;7;
115079114;yes;Большая Красная улица;;54;4;
104528793;apartments;Катановский переулок;;5;;
115079096;hospital;Большая Красная улица;;51;;Роддом №3 (Красный крест)
324744802;yes;;;;;
157683900;yes;улица Михаила Худякова;;7;;
251795815;yes;;;;;
323945643;yes;;;;1;
91856574;yes;улица Карла Маркса;;27;2;
104280735;yes;улица Маяковского;;28;;
281805814;yes;;;;1;
194902862;yes;;;;;
91856484;yes;улица Лобачевского;;4А;2;
418975201;yes;улица Чернышевского;;7;3;
194885198;yes;улица Островского;;8;3;
90178079;yes;улица Чернышевского;;21/19;1;
104424235;yes;улица Карла Маркса;;54;;
91856489;yes;Кремлёвская улица;;18 к9;;
225812745;yes;;;;;
111719086;yes;улица Тельмана;;30;;
106312171;yes;Лево-Булачная улица;;44;4;
119437968;yes;;;;;
262236765;apartments;Большая Красная улица;;32;4;
104424234;yes;;;;;
95948964;yes;улица Островского;;38;6;
324744803;yes;;;;;
105301872;roof;;;;;
251795813;yes;;;;;
90178078;yes;улица Карла Маркса;;7;2;
107063766;yes;улица Гоголя;;11А;;
453272925;yes;;;;;
98534708;detached;Федосеевская улица;;31А;;
340960029;yes;;;;;
130828015;yes;Большая Красная улица;;12;2;
104281615;college;улица Гоголя;;2;2;
92033635;yes;;;;;
231904978;yes;улица Тельмана;;19;;
99038801;yes;улица Пушкина;;9;4;ГУМ
96027440;yes;улица Гоголя;;9;5;
98534691;detached;;;;;
363911035;yes;улица Лобачевского;;15 к1;;
98534697;detached;улица Набережная Казанки;;5;;
106312146;yes;улица Галиаскара Камала;;4;3;
91856513;yes;;;;;
